{"Artemisa":["Alquízar","Artemisa","Bahía Honda","Bauta","Cabañas","Candelaria","Guanajay","Güira de Melena","Mariel","Municipio de Artemisa","Municipio de Bauta","Municipio de Guanajay","Municipio de Mariel","Municipio de San Cristóbal","San Antonio de los Baños","San Cristobal","Soroa"],"Camagüey":["Camagüey","El Caney","Esmeralda","Florida","Guáimaro","Jimaguayú","Minas","Municipio de Florida","Municipio de Nuevitas","Nuevitas","Santa Cruz del Sur","Sibanicú","Vertientes"],"Ciego de Ávila":["Baraguá","Chambas","Ciego de Ávila","Ciro Redondo","Florencia","Morón","Municipio de Ciego de Ávila","Municipio de Morón","Primero de Enero","Venezuela"],"Cienfuegos":["Abreus","Aguada de Pasajeros","Cienfuegos","Cruces","Cumanayagua","Lajas","Municipio de Abreus","Municipio de Cienfuegos","Palmira","Rodas"],"Granma":["Bartolomé Masó","Bayamo","Campechuela","Cauto Cristo","Guisa","Jiguaní","Manzanillo","Media Luna","Municipio de Bayamo","Municipio de Manzanillo","Municipio de Niquero","Niquero","Río Cauto","Yara"],"Guantánamo":["Baracoa","Guantánamo","Maisí","Municipio de Guantánamo","Río Guayabal de Yateras","San Antonio del Sur"],"Havana":["Alamar","Arroyo Naranjo","Boyeros","Centro Habana","Cerro","Diez de Octubre","Guanabacoa","Habana del Este","Havana","La Habana Vieja","Regla","San Miguel del Padrón","Santiago de las Vegas"],"Holguín":["Banes","Cacocum","Cueto","Gibara","Holguín","Jobabo","Moa","Municipio de Banes","Municipio de Holguín","Sagua de Tánamo","San Germán"],"Isla de la Juventud":["Nueva Gerona"],"Las Tunas":["Amancio","Colombia","Jesús Menéndez","Jobabo","Las Tunas","Manatí","Puerto Padre"],"Matanzas":["Alacranes","Bolondrón","Calimete","Cárdenas","Colón","Jagüey Grande","Jovellanos","Limonar","Los Arabos","Manguito","Martí","Matanzas","Municipio de Cárdenas","Municipio de Matanzas","Pedro Betancourt","Perico","Unión de Reyes","Varadero"],"Mayabeque":["Batabanó","Bejucal","Güines","Jamaica","Jaruco","La Salud","Madruga","Municipio de Güines","Municipio de Melena del Sur","Quivicán","San José de las Lajas","San Nicolás de Bari","Santa Cruz del Norte"],"Pinar del Río":["Consolación del Sur","Guane","Los Palacios","Mantua","Minas de Matahambre","Municipio de Consolación del Sur","Municipio de Guane","Municipio de La Palma","Municipio de Los Palacios","Pinar del Río","Puerto Esperanza","San Diego de Los Baños","San Luis","Viñales"],"Sancti Spíritus":["Cabaiguán","Condado","Fomento","Guayos","Jatibonico","La Sierpe","Municipio de Cabaiguán","Municipio de Jatibonico","Municipio de Sancti Spíritus","Municipio de Trinidad","Sancti Spíritus","Topes de Collantes","Trinidad","Yaguajay","Zaza del Medio"],"Santiago de Cuba":["Contramaestre","El Cobre","Municipio de Palma Soriano","Municipio de Santiago de Cuba","Palma Soriano","San Luis","Santiago de Cuba"],"Villa Clara":["Caibarién","Calabazar de Sagua","Camajuaní","Cifuentes","Corralillo","Encrucijada","Esperanza","Isabela de Sagua","Manicaragua","Municipio de Placetas","Municipio de Santa Clara","Placetas","Quemado de Güines","Rancho Veloz","Ranchuelo","Sagua la Grande","Santa Clara","Santo Domingo"]}