{"Azua":["Azua","El Guayabal","Estebanía","Las Charcas","Padre Las Casas","Palmar de Ocoa","Peralta","Pueblo Viejo","Sabana Yegua","Tábara Arriba","Villarpando","Yayas de Viajama"],"Baoruco":["El Palmar","Galván","La Uvilla","Los Ríos","Neiba","Tamayo","Villa Jaragua"],"Barahona":["Cabral","Cachón","Canoa","El Peñón","Enriquillo","Fundación","Jaquimeyes","La Ciénaga","Las Salinas","Paraíso","Pescadería","Polo","Santa Cruz de Barahona","Vicente Noble"],"Dajabón":["Dajabón","El Pino","Loma de Cabrera","Partido","Restauración"],"Distrito Nacional":["Bella Vista","Ciudad Nueva","Cristo Rey","Ensanche Luperón","La Agustina","La Julia","San Carlos","Santo Domingo","Villa Consuelo","Villa Francisca"],"Duarte":["Agua Santa del Yuna","Arenoso","Castillo","Hostos","Las Guáranas","Pimentel","San Francisco de Macorís","Villa Riva"],"El Seibo":["Miches","Pedro Sánchez","Santa Cruz de El Seibo"],"Espaillat":["Cayetano Germosén","Gaspar Hernández","Jamao al Norte","Joba Arriba","Juan López Abajo","Moca","San Víctor Arriba","Veragua Arriba"],"Hato Mayor":["El Valle","Guayabo Dulce","Hato Mayor del Rey","Sabana de la Mar"],"Hermanas Mirabal":["Salcedo","Salsipuedes","Tenares","Villa Tapia"],"Independencia":["Cristóbal","Duvergé","Guayabal","Jimaní","La Descubierta","Mella","Postrer Río"],"La Altagracia":["Boca de Yuma","Higüey","Otra Banda","Punta Cana","Salvaleón de Higüey","San Rafael del Yuma"],"La Romana":["Guaymate","La Romana"],"La Vega":["Concepción de La Vega","Constanza","Jarabacoa","Jima Abajo","Rincón","Río Verde Arriba","Tireo Arriba"],"María Trinidad Sánchez":["Arroyo Salado","Cabrera","El Factor","La Entrada","Nagua","Río San Juan"],"Monseñor Nouel":["Bonao","Juan Adrián","Maimón","Piedra Blanca","Sabana del Puerto"],"Monte Cristi":["Cana Chapetón","Castañuelas","Guayubín","Hatillo Palma","Las Matas de Santa Cruz","Monte Cristi","Pepillo Salcedo","San Fernando de Monte Cristi","Villa Elisa","Villa Vásquez"],"Monte Plata":["Bayaguana","Don Juan","Esperalvillo","Gonzalo","Los Botados","Majagual","Monte Plata","Sabana Grande de Boyá","Yamasá"],"Pedernales":["Juancho","Oviedo","Pedernales"],"Peravia":["Baní","Matanzas","Nizao","Paya","Pizarrete","Sabana Buey"],"Puerto Plata":["Altamira","Cabarete","Estero Hondo","Guananico","Imbert","Los Hidalgos","Luperón","Monte Llano","Puerto Plata","Río Grande","Sosúa","Villa Isabela"],"Samaná":["Las Terrenas","Samaná","Sánchez"],"San Cristóbal":["Bajos de Haina","Cambita Garabitos","El Cacao","El Carril","Sabana Grande de Palenque","San Cristóbal","San Gregorio de Nigua","Villa Altagracia","Yaguate"],"San José de Ocoa":["San José de Ocoa"],"San Juan":["Bohechío","Cercado Abajo","El Cercado","Juan de Herrera","Las Matas de Farfán","Matayaya","Pedro Corto","San Juan de la Maguana","Vallejuelo"],"San Pedro de Macorís":["El Puerto","Los Llanos","Quisqueya","Ramón Santana","San Pedro de Macorís"],"Sánchez Ramírez":["Cevicos","Cotuí","Fantino"],"Santiago":["Baitoa","Bisonó","Juncalito Abajo","La Canela","Licey al Medio","Palmar Arriba","Pedro García","Sabana Iglesia","San José de Las Matas","Santiago de los Caballeros","Santo Tomás de Jánico","Tamboril","Villa Bisonó","Villa González"],"Santiago Rodríguez":["Monción","Sabaneta","San Ignacio de Sabaneta"],"Santo Domingo":["Boca Chica","Santo Domingo Este","Santo Domingo Oeste"],"Valverde":["Amina","Esperanza","Guatapanal","Jaibón","Jicomé","La Caya","Laguna Salada","Maizal","Mao"]}