{"Ahuachapán":["Ahuachapán","Atiquizaya","Concepción de Ataco","Guaymango","Jujutla","San Francisco Menéndez","Tacuba"],"Cabañas":["Sensuntepeque","Victoria"],"Chalatenango":["Chalatenango","Nueva Concepción"],"Cuscatlán":["Cojutepeque","San Martín","Suchitoto","Tecoluca","Tenancingo"],"La Libertad":["Antiguo Cuscatlán","Ciudad Arce","La Libertad","Nuevo Cuscatlán","Quezaltepeque","San Juan Opico","San Pablo Tacachico","Santa Tecla","Zaragoza"],"La Paz":["El Rosario","Olocuilta","San Pedro Masahuat","Santiago Nonualco","Zacatecoluca"],"La Unión ":["Anamorós","Conchagua","Intipucá","La Unión","Nueva Esparta","Pasaquina","San Alejo","Santa Rosa de Lima"],"Morazán":["Cacaopera","Corinto","Guatajiagua","Jocoro","San Francisco","Sociedad"],"San Miguel":["Chapeltique","Chinameca","Chirilagua","Ciudad Barrios","El Tránsito","Lolotique","Moncagua","Nueva Guadalupe","San Miguel","San Rafael Oriente","Sesori"],"San Salvador":["Aguilares","Apopa","Ayutuxtepeque","Cuscatancingo","Delgado","El Paisnal","Guazapa","Ilopango","Mejicanos","Panchimalco","Rosario de Mora","San Marcos","San Salvador","Santo Tomás","Soyapango","Tonacatepeque"],"San Vicente":["Apastepeque","San Sebastián","San Vicente"],"Santa Ana":["Candelaria de La Frontera","Chalchuapa","Coatepeque","El Congo","Metapán","Santa Ana","Texistepeque"],"Sonsonate":["Acajutla","Armenia","Izalco","Juayúa","Nahuizalco","San Antonio del Monte","Sonsonate","Sonzacate"],"Usulután":["Berlín","Concepción Batres","Jiquilisco","Jucuapa","Jucuarán","Ozatlán","Puerto El Triunfo","San Agustín","Santa Elena","Santiago de María","Usulután"]}