{"Auckland":["Auckland","Mangere","Manukau City","Muriwai Beach","Murrays Bay","North Shore","Pakuranga","Papakura","Parakai","Pukekohe East","Red Hill","Rosebank","Rothesay Bay","Takanini","Tamaki","Titirangi","Waitakere","Waiuku","Warkworth","Wellsford","Wiri"],"Bay of Plenty":["Edgecumbe","Katikati","Kawerau","Maketu","Murupara","Opotiki","Rotorua","Tauranga","Waihi Beach","Whakatane"],"Canterbury":["Amberley","Ashburton","Ashburton District","Burnham","Christchurch","Darfield","Geraldine","Kaiapoi","Leeston","Lincoln","Mackenzie District","Methven","Oxford","Pleasant Point","Prebbleton","Rakaia","Rolleston","Selwyn District","Timaru","Timaru District","Tinwald","Waimakariri District","Woodend"],"Chatham Islands":["Waitangi"],"Gisborne":["Gisborne"],"Hawke's Bay":["Hastings","Napier","Taradale","Wairoa"],"Manawatu-Wanganui":["Bulls","Foxton","Horowhenua District","Levin","Manawatu District","Palmerston North","Waiouru","Wanganui"],"Marlborough":["Blenheim","Picton"],"Nelson":["Nelson"],"Northland":["Ahipara","Dargaville","Far North District","Kaipara District","Kaitaia","Kawakawa","Kerikeri","Maungatapere","Moerewa","Ngunguru","Paihia","Ruakaka","Taipa","Waimate North","Whangarei"],"Otago":["Arrowtown","Balclutha","Clutha District","Cromwell","Dunedin","Kingston","Milton","Oamaru","Papatowai","Portobello","Queenstown","Wanaka"],"Southland":["Bluff","Gore","Invercargill","Riverton","Southland District","Te Anau","Winton"],"Taranaki":["Eltham","Hawera","New Plymouth","New Plymouth District","Opunake","Patea","South Taranaki District","Stratford","Waitara"],"Tasman":["Brightwater","Mapua","Motueka","Richmond","Takaka","Wakefield"],"Waikato":["Cambridge","Coromandel","Hamilton","Matamata","Ngaruawahia","Ngatea","Otorohanga","Paeroa","Raglan","South Waikato District","Tairua","Taupo","Te Kauwhata","Thames","Tokoroa","Turangi","Waihi","Whangamata","Whitianga"],"Wellington":["Brooklyn","Castlepoint","Kapiti Coast District","Kelburn","Khandallah","Lower Hutt","Masterton","Otaki","Paraparaumu","Petone","Porirua","South Wairarapa District","Upper Hutt","Waipawa","Wellington"],"West Coast":["Greymouth","Hokitika","Westport"]}