{"Christ Church Nichola Town":["Nicola Town"],"Nevis":[],"Saint Anne Sandy Point":["Sandy Point Town"],"Saint George Basseterre":[],"Saint George Gingerland":["Market Shop"],"Saint James Windward":["Newcastle"],"Saint John Capisterre":["Dieppe Bay Town"],"Saint John Figtree":["Fig Tree"],"Saint Kitts":[],"Saint Mary Cayon":["Cayon"],"Saint Paul Capisterre":["Saint Paul’s"],"Saint Paul Charlestown":["Charlestown"],"Saint Peter Basseterre":["Monkey Hill"],"Saint Thomas Lowland":["Cotton Ground"],"Saint Thomas Middle Island":["Middle Island"],"Trinity Palmetto Point":["Trinity"]}